Index,TaskIndex,StartTimeStamp,EndTimeStamp
0,0,0.5458003,6.698185
1,1,6.900644,14.02665
2,2,14.23136,33.52048
3,3,33.72493,62.12158
4,4,62.32305,86.32351
5,5,86.53195,104.95
6,6,105.151,111.1588
7,7,111.3683,117.5217
8,8,117.7242,125.6972
9,9,125.9076,133.4062
10,10,133.6147,170.3532
11,11,170.5547,185.4709
12,12,185.6739,196.7547
13,13,196.9567,203.176
14,14,203.3874,208.5639
15,15,208.7656,225.8924
16,16,226.1008,232.5884
17,17,232.7961,245.5394
18,18,245.7495,255.2433
19,19,255.4558,296.7705
20,20,296.974,306.0226
21,21,306.2241,312.5464
22,22,312.7579,322.3188
23,23,322.5208,330.5284
24,24,330.7388,343.7446
25,25,343.9531,350.8716
26,26,351.0828,371.1888
27,27,371.3902,379.8757
28,28,380.0821,383.5412
29,29,383.7626,402.3064
30,30,402.5109,407.2599
31,31,407.4724,416.5271
32,32,416.7286,425.5678
33,33,425.7693,435.1607
34,34,435.3711,445.1164
35,35,445.3278,458.8184
36,36,459.0219,464.7044
37,37,464.9088,471.5676
38,38,471.7686,481.5235
39,39,481.7309,487.6875
40,40,487.894,495.8953
41,41,496.0972,506.0541
42,42,506.2578,534.4866
43,43,534.689,547.1039
44,44,547.3091,555.4944
45,45,555.7009,575.261
46,46,575.4604,594.9681
47,47,595.1752,606.818
48,48,607.0264,626.6854
49,49,626.8884,649.8461
50,50,650.0575,668.6011
51,51,668.8125,707.2999
52,52,707.5083,727.4995
53,53,727.7116,733.4677
54,54,733.6797,743.6194
55,55,743.8326,757.7474
56,56,757.9592,778.3776
57,57,778.5801,786.269
58,58,786.4764,792.5881
59,59,792.7897,803.6287
60,60,803.8292,815.0145
61,61,815.2154,828.5975
62,62,828.799,838.904
63,63,839.1115,852.8799
64,64,853.084,858.3188
65,65,858.5302,874.9672
66,66,875.1755,887.3182
67,67,887.5297,906.5208
68,68,906.7228,914.6484
69,69,914.8597,930.8406
70,70,931.0462,939.2203
71,71,939.4288,968.442
72,72,968.6524,981.0881
73,73,981.2935,993.983
74,74,994.1842,1006.271
75,75,1006.482,1021.938
76,76,1022.139,1029.796
77,77,1030.007,1052.165
78,78,1052.375,1063.048
79,79,1063.25,1072.256
80,80,1072.464,1083.541
81,81,1083.742,1090.071
82,82,1090.282,1099.433
83,83,1099.641,1110.603
84,84,1110.814,1119.956
85,85,1120.158,1134.276
86,86,1134.487,1142.772
87,87,1142.985,1149.681
88,88,1149.881,1191.049
89,89,1191.26,1197.235
90,90,1197.448,1205.17
91,91,1205.371,1213.822
92,92,1214.023,1218.627
93,93,1218.839,1248.342
94,94,1248.553,1261.333
95,95,1261.532,1270.677
96,96,1270.878,1285.439
97,97,1285.649,1293.752
98,98,1293.958,1312.882
99,99,0,0

