"時間戳記","Participant","Condition","Session","針對以下敘述，請以 1：最不同意，7：最同意 回答 [觀察環境對我來說是輕鬆無負擔的]","針對以下敘述，請以 1：最不同意，7：最同意 回答 [觀察環境時很快就能找到目標物]","針對以下敘述，請以 1：最不同意，7：最同意 回答 [在VR體驗中，整體感覺是舒適的]","針對以下敘述，請以 1：最不同意，7：最同意 回答 [在執行任務過程中的整體經驗是好的]","是否在實驗過程中感覺到影像畫面品質和過去的其他VR體驗不同？若沒使用過VR，是否和您預期的不同？","承上，若有感覺到不同，請簡述感覺不同的地方","針對剛才的VR體驗的其他任何想法"
"2019/06/29 2:55:43 下午 GMT+8","1","Baseline","1","3","4","5","5","否","","操作簡單，但因為暈眩無法用很久"
"2019/06/29 2:58:48 下午 GMT+8","1","StaticSmall","2","4","4","3","5","否","","操作比上一次順"
"2019/06/29 3:01:11 下午 GMT+8","1","StaticLarge","3","5","5","4","5","否","","發現視線對著物品轉正比較不會頭暈"
"2019/06/29 3:03:59 下午 GMT+8","2","StaticSmall","1","3","5","3","3","是","這次的不適感較以往來得快",""
"2019/06/29 3:08:30 下午 GMT+8","2","StaticLarge","2","3","5","3","3","是","畫面比以往顆粒還大，昨天沒注意到","好暈XD"
"2019/06/29 3:10:17 下午 GMT+8","2","Baseline","3","3","5","3","4","是","較容易感到噁心",""
"2019/06/29 3:17:11 下午 GMT+8","3","StaticLarge","1","5","6","3","5","否","","是否有根據眼睛看的位置調整解析度"
"2019/06/29 3:19:03 下午 GMT+8","3","Baseline","2","6","6","3","5","否","","畫面有點抖動，一開始不暈但後來又發生相同症狀"
"2019/06/29 3:20:39 下午 GMT+8","3","StaticSmall","3","2","5","4","5","是","視野邊緣模糊",""
"2019/06/29 4:32:01 下午 GMT+8","4","Baseline","1","2","3","2","2","否","","不能以自己的身體移動，對空間感和空間記憶的建立造成限制甚至牴觸"
"2019/06/29 5:10:04 下午 GMT+8","5","StaticSmall","1","1","2","2","2","否","","距離不好控制"
"2019/06/29 5:25:07 下午 GMT+8","6","StaticLarge","1","2","5","4","5","否","",""
"2019/06/29 5:35:29 下午 GMT+8","7","Baseline","1","2","5","2","3","否","","移動速度加快不知道會不會比較記得走過的路線或是比較不暈"
"2019/06/29 5:40:34 下午 GMT+8","4","StaticLarge","2","6","5","3","3","否","","視線轉動與手把操作同時時容易產生暈眩"
"2019/06/29 5:42:01 下午 GMT+8","8","StaticSmall","1","3","5","3","4","否","",""
"2019/06/29 5:48:22 下午 GMT+8","5","StaticSmall","2","2","3","2","2","是","操作比較順暢",""
"2019/06/29 5:51:19 下午 GMT+8","9","StaticLarge","1","2","2","3","2","是","轉視角較暈，前後移動還好",""
"2019/06/29 5:56:57 下午 GMT+8","7","StaticSmall","2","3","5","3","5","否","",""
"2019/06/29 6:00:46 下午 GMT+8","8","StaticLarge","2","5","5","3","3","否","",""
"2019/06/29 6:05:27 下午 GMT+8","6","StaticSmall","2","2","4","3","5","否","",""
"2019/06/29 6:08:22 下午 GMT+8","9","Baseline","2","2","3","3","3","是","左右轉頭幅度慢且小","距離感較不同於現實"
"2019/06/29 6:11:59 下午 GMT+8","11","StaticSmall","1","","5","6","6","是","解析度不太高",""
"2019/06/29 6:19:13 下午 GMT+8","4","StaticSmall","3","2","5","2","2","是","很模糊","視野模糊 因此似乎更難對周圍留下印象和空間感"
"2019/06/29 6:23:36 下午 GMT+8","8","Baseline","3","6","6","3","6","否","",""
"2019/06/29 6:25:22 下午 GMT+8","5","StaticLarge","3","4","3","3","3","否","",""
"2019/06/29 6:27:05 下午 GMT+8","9","StaticSmall","3","3","4","3","3","是","較模糊(動態較真實)",""
"2019/06/29 6:29:28 下午 GMT+8","7","StaticLarge","3","3","6","5","6","否","",""
"2019/06/29 6:31:31 下午 GMT+8","11","Baseline","2","6","5","6","6","否","感覺比上次好",""
"2019/06/29 6:33:02 下午 GMT+8","6","Baseline","3","3","3","3","4","是","畫面看得較清楚，可以看到地上格線",""
"2019/06/29 6:34:27 下午 GMT+8","11","StaticLarge","3","7","6","6","6","否","",""